L_KL,RRE,Trust,Cont,LGD,K_min,K_max,MRE
0.007552,0.09615,0.878732,0.930794,0.021544,1.020282,46.343738,0.70789
