L_KL,RRE,Trust,Cont,LGD,K_min,K_max,MRE
0.008421,5.4e-05,0.999994,0.999994,0.000366,1.001547,1.108325,0.59515
