L_KL,RRE,Trust,Cont,LGD,K_min,K_max,MRE
0.032431,0.094518,0.880155,0.932658,0.25609,1.075335,43.653094,0.309655
