L_KL,RRE,Trust,Cont,LGD,K_min,K_max,MRE
0.020848,0.00041,0.999965,0.998666,0.001336,1.003107,2.068179,0.988685
