L_KL,RRE,Trust,Cont,LGD,K_min,K_max,MRE
0.125775,0.286536,0.633071,0.796068,0.575152,1.215425,36.926266,0.481906
